"","lat","lng","screen_name","tweet_count","user_img"
"0","42.43472","-83.985","gefalleneglut","3279","https://pbs.twimg.com/profile_images/585610428790738944/80LrklvU.jpg"
"1","39.5500507","-105.7820674","kkamscohen","3429","https://pbs.twimg.com/profile_images/849821472038178817/d0LPvhu8.jpg"
"2","44.7973962","-93.5272861","FTWOBR2000","3225","https://pbs.twimg.com/profile_images/849788954177978370/a5Jdj8AU.jpg"
"3","43.450301","-80.48319169999999","shailynne","3198","https://pbs.twimg.com/profile_images/848648665996644356/8_gVR5ga.jpg"
"4","30.0444196","31.2357116","Nada7Ali","3141","https://pbs.twimg.com/profile_images/846009504223432704/tXxrDomi.jpg"
"5","42.3600825","-71.0588801","thoughtswdildo","3262","https://pbs.twimg.com/profile_images/780889402868371456/r6ZCASVd.jpg"
"6","53.5619169","-0.6653101","steveH1972","3120","https://pbs.twimg.com/profile_images/378800000663800192/6b46a48fa5a5abd2bbf9788ce6cb4975.jpeg"
"7","55.864237","-4.251806","raecowie","3205","https://pbs.twimg.com/profile_images/846353652994445312/_Lp12pCF.jpg"
"8","51.253775","-85.3232139","brittanyyallann","3163","https://pbs.twimg.com/profile_images/831118839043780609/Xuq5U4BJ.jpg"
"9","56.130366","-106.346771","Choose2Recover","3245","https://pbs.twimg.com/profile_images/2247851443/staystrong.jpg"
"10","41.8781136","-87.6297982","Nutorious_13","3050","https://pbs.twimg.com/profile_images/842609963851825152/8GtisMFd.jpg"
"11","50.90970040000001","-1.4043509","I_Hurt_Inside","2954","https://pbs.twimg.com/profile_images/2995004916/cde6c489267d0adbc2b539747f5ee381.jpeg"
"12","32.9265137","-96.89611509999999","MeritAcademyTX","3234","https://pbs.twimg.com/profile_images/378800000443245086/d8f25eac80de9acedbb0b8ffe179ed9a.jpeg"
"13","29.9012437","-81.31243409999999","Lou__Graves","3224","https://pbs.twimg.com/profile_images/847128878107803648/Bwh6lD6r.jpg"
"14","38.9822282","-94.6707917","mowse_21","3207","https://pbs.twimg.com/profile_images/666065360131518465/Ov9APnzQ.jpg"
"15","42.3600825","-71.0588801","lisajdubreuil","3208","https://pbs.twimg.com/profile_images/539934754355695616/GGh7NFaW.jpeg"
"16","-31.2532183","146.921099","RKotow","2828","https://pbs.twimg.com/profile_images/2659762998/cc3e8ae242005cedb09a8bf8983b855c.jpeg"
"17","51.5073509","-0.1277583","TheWhitePariah","3236","https://pbs.twimg.com/profile_images/830087058681114624/48LCGXL6.jpg"
"18","50.4452112","-104.6188944","jjremone","3252","https://pbs.twimg.com/profile_images/837759025211060224/GSTuQkwa.jpg"
"19","56.130366","-106.346771","GizmoRocky","2948","https://pbs.twimg.com/profile_images/2756564775/10e7f2c3bda7bdf17314761249223402.jpeg"
"20","29.7604267","-95.3698028","himym62","1824","https://pbs.twimg.com/profile_images/495156598155665408/CHhyX4Z5.jpeg"
"21","41.076655","-81.5113386","machinegunb_","3101","https://pbs.twimg.com/profile_images/845982282657677312/MyNt0y8j.jpg"
"22","45.5016889","-73.567256","strengthtodance","3158","https://pbs.twimg.com/profile_images/475787056023474178/aeeWQ9rk.jpeg"
"23","1.2926045","103.7683724","adfnzr","3120","https://pbs.twimg.com/profile_images/822642965545971712/VpCe86oa.jpg"
"24","37.09024","-95.712891","one_day_more_","2987","https://pbs.twimg.com/profile_images/2284806359/image.jpg"
"25","35.3732921","-119.0187125","Brian24601","3242","https://pbs.twimg.com/profile_images/921918747/Whiteman__20_20Charles.jpg"
"26","43.653226","-79.3831843","SomeUndyingVow","3224","https://pbs.twimg.com/profile_images/821517980555157504/8SweGREU.jpg"
"27","48.856614","2.3522219","dietobealive","3187","https://pbs.twimg.com/profile_images/556901620836216833/6nNXhPMV.jpeg"
"28","38.3031837","-77.4605399","migrainediva","3229","https://pbs.twimg.com/profile_images/794525576363212805/dPqtrzmY.jpg"
"29","37.09024","-95.712891","sunnygirl_y2k","3120","https://pbs.twimg.com/profile_images/837297458795413504/M6MApqz7.jpg"
"30","55.378051","-3.435973","beatED","3216","https://pbs.twimg.com/profile_images/842776156696952832/0MjsItP1.jpg"
"31","52.6139686","0.8864021","RachelWelch","3232","https://pbs.twimg.com/profile_images/720739824488038400/GbN8YdeS.jpg"
"32","56.130366","-106.346771","Nikkyy44","3164","https://pbs.twimg.com/profile_images/1682485972/cute6.jpg"
"33","-17.9718256","122.2219242","thatgirl1269","3169","https://pbs.twimg.com/profile_images/845390768277618688/ZUagHU69.jpg"
"34","38.9071923","-77.0368707","StampStigma","3539","https://pbs.twimg.com/profile_images/423125781783388160/L1RqQ10L.jpeg"
"35","-37.8136276","144.9630576","MarkPacitti","3207","https://pbs.twimg.com/profile_images/811318152822865920/Nmh2c29S.jpg"
"36","51.068785","-1.794472","holly_marshhy","3173","https://pbs.twimg.com/profile_images/830120176842596361/byADxvK3.jpg"
"37","51.253775","-85.3232139","emiliaaahollin1","3213","https://pbs.twimg.com/profile_images/824735427076714496/I6PhozAj.jpg"
"38","36.9914194","35.3308285","quyinlaviin","3115","https://pbs.twimg.com/profile_images/501773712249458688/j4ueF263.png"
"39","43.5448048","-80.24816659999999","BethanyDLipka","3224","https://pbs.twimg.com/profile_images/826984949454606337/gojsw1up.jpg"
"40","51.28016400000001","-2.7767019","McFlorey","3014","https://pbs.twimg.com/profile_images/651661737033338880/VXRKDTaB.jpg"
"41","51.253775","-85.3232139","zelandroid009","3178","https://pbs.twimg.com/profile_images/801547303257456641/ZiSnvihU.jpg"
"42","40.7127837","-74.0059413","LizTate8agrape","3194","https://pbs.twimg.com/profile_images/681605837249474560/exewLt5Y.jpg"
"43","48.856614","2.3522219","xAjacc","3127","https://pbs.twimg.com/profile_images/601801423400136704/kdnmZzm7.jpg"
"44","53.9332706","-116.5765035","72Melanie","3221","https://pbs.twimg.com/profile_images/594897273022099456/IGPfhPXM.jpg"
"45","50.71505","-1.987248","harvmeisterrox","3193","https://pbs.twimg.com/profile_images/1445150755/profile_picture.jpg"
"46","52.3555177","-1.1743197","shipley_sally","3199","https://pbs.twimg.com/profile_images/819577278749376513/0WC09dmT.jpg"
"47","36.7682088","-76.2874927","ghosttoast99","3207","https://pbs.twimg.com/profile_images/487296827260010497/WFcN68h_.jpeg"
"48","53.4807593","-2.2426305","Ch4r10tt399","3187","https://pbs.twimg.com/profile_images/838488616007516161/2ElzbruE.jpg"
"49","43.9884612","-79.4703885","UnionMikeb","3206","https://pbs.twimg.com/profile_images/839884724164251653/MnT8rtPW.jpg"
"50","27.6648274","-81.5157535","BobbiH9","3156","https://pbs.twimg.com/profile_images/818223027896938496/pedo51mA.jpg"
"51","54.978252","-1.61778","Alicia_W58","3183","https://pbs.twimg.com/profile_images/834880391735570432/LWOKlVjw.jpg"
"52","51.165691","10.451526","Cubelixa","3229","https://pbs.twimg.com/profile_images/821641154752024577/gUr_u0kh.jpg"
"53","51.5073509","-0.1277583","LucaDofus","3159","https://pbs.twimg.com/profile_images/698513371528880128/sza26o4g.jpg"
"54","28.5383355","-81.3792365","Debwillrecover","3209","https://pbs.twimg.com/profile_images/807156971803701248/vSCk5nGA.jpg"
"55","58.595272","25.013607","Karolain144","3155","https://pbs.twimg.com/profile_images/830475029649432577/nsW1zDuX.jpg"
"56","51.5073509","-0.1277583","GattoTheCat","3190","https://pbs.twimg.com/profile_images/527836428260999169/5ny0rkAt.jpeg"
"57","41.5258274","-74.2271198","nowimawarrriorr","2505","https://pbs.twimg.com/profile_images/378800000218208563/151dc69ec61c8b7ede103cd57fd5d34a.jpeg"
"58","49.214439","-2.13125","TaylaCharlotte","2887","https://pbs.twimg.com/profile_images/535490783856828416/gb-0jmjk.jpeg"
"59","-25.274398","133.775136","beyondblue","3191","https://pbs.twimg.com/profile_images/608419584627122177/uquAomjl.png"
"60","37.7749295","-122.4194155","Alexa_Diamond","3239","https://pbs.twimg.com/profile_images/615732432407515137/w0-5uD-O.jpg"
"61","43.653226","-79.3831843","mmgarza","3222","https://pbs.twimg.com/profile_images/705859427786727424/mrlZJuP5.jpg"
"62","55.953252","-3.188267","walkamileuk","3322","https://pbs.twimg.com/profile_images/1229806052/my_legs.JPG"
"63","51.4974948","-0.1356583","act1175","3186","https://pbs.twimg.com/profile_images/644499271614656512/U_rznwyJ.jpg"
"64","51.253775","-85.3232139","Azheibell","3181","https://pbs.twimg.com/profile_images/816139149954744321/6T2GhZwD.jpg"
"65","53.4807593","-2.2426305","ninjanina91","3222","https://pbs.twimg.com/profile_images/842139143723462658/ZOfsqPXn.jpg"
"66","43.5890452","-79.6441198","allucanbe","3227","https://pbs.twimg.com/profile_images/1180430957/2010-11-27-203936-es.jpg"
"67","42.9849233","-81.2452768","stressbubbles","3172","https://pbs.twimg.com/profile_images/2548831645/96uh58bu9v1lmxhbk7m8.jpeg"
"68","33.660297","-117.9992265","CARterCINOGEN","3188","https://pbs.twimg.com/profile_images/847652389851025415/Iajbvi9l.jpg"
"69","37.09024","-95.712891","Pandaflame96","3192","https://pbs.twimg.com/profile_images/813240166206898176/RLvOlWfs.jpg"
"70","34.0522342","-118.2436849","amalialevari","3225","https://pbs.twimg.com/profile_images/800224537409241089/fJgoBA3M.jpg"
"71","29.7604267","-95.3698028","Messyartoflvng","3217","https://pbs.twimg.com/profile_images/2618431892/450yw9zni92d8dogey3g.jpeg"
"72","-2.1709979","-79.9223592","EvelynSaltosT","3177","https://pbs.twimg.com/profile_images/828338488357568512/JuOIJr11.jpg"
"73","37.09024","-95.712891","my_fight_within","3092","https://pbs.twimg.com/profile_images/447229674104442880/YMgmiWg2.jpeg"
"74","43.653226","-79.3831843","cathy_brooks","3208","https://pbs.twimg.com/profile_images/628652797194563584/36cqdOkY.jpg"
"75","30.4382559","-84.28073289999999","JimRidesforLife","3392","https://pbs.twimg.com/profile_images/670714467542540288/pX6Whm2c.jpg"
"76","-25.274398","133.775136","survivingana","3223","https://pbs.twimg.com/profile_images/1644807071/269128_wall_lamp_2.jpg"
"77","52.570645","1.734211","gruddphoto","3224","https://pbs.twimg.com/profile_images/844253233363214336/5QdtS-Wj.jpg"
"78","53.4083714","-2.9915726","DominicMc999","3297","https://pbs.twimg.com/profile_images/780925395466092544/4Len3_ro.jpg"
"79","54.978252","-1.61778","terriilovemusic","3105","https://pbs.twimg.com/profile_images/378800000230140472/ef6c3bcae87f34b3738b3709688e6e44.jpeg"
"80","-33.8688197","151.2092955","BabblingBandit","3190","https://pbs.twimg.com/profile_images/477608083867197441/SltvJLwj.jpeg"
"81","44.0121221","-92.4801989","LexieLindskog","3194","https://pbs.twimg.com/profile_images/2656346204/f11647b762fdb2149e94e1b0ab164191.jpeg"
"82","52.1151568","6.5615013","AnnemiekEsman","3256","https://pbs.twimg.com/profile_images/842693322661675008/G2eE7sxz.jpg"
"83","31.8542511","-110.9937019","daritxa_","2977","https://pbs.twimg.com/profile_images/816779244709629952/rFGo83f8.jpg"
"84","55.378051","-3.435973","MelGannon365","3190","https://pbs.twimg.com/profile_images/782119047324459008/Gs4yOS6t.jpg"
"85","30.5788055","-97.8530686","PollySaid","3172","https://pbs.twimg.com/profile_images/819242101699465217/xC3XF8Hy.jpg"
"86","54.59728500000001","-5.93012","Briggsbobs","3189","https://pbs.twimg.com/profile_images/742416723723325440/qAVohuJg.jpg"
"87","53.7892877","-2.2405035","Bipolar_BPD","3176","https://pbs.twimg.com/profile_images/743438452008624128/ly8_2rk1.jpg"
"88","28.5383355","-81.3792365","spondywolfgirl","3213","https://pbs.twimg.com/profile_images/733278633398149120/dwU4SNvt.jpg"
"89","30.52055","-97.93441949999999","rosent1","3109","https://pbs.twimg.com/profile_images/378800000129066198/6658944a26008bdfd81bfef922ba3927.jpeg"
"90","53.4807593","-2.2426305","MrsRogues","3209","https://pbs.twimg.com/profile_images/793244633887375360/1Ve07ff3.jpg"
"91","56.130366","-106.346771","spencersloane","3242","https://pbs.twimg.com/profile_images/605039531142881280/9Q1CFbMv.jpg"
"92","46.970947","-123.823735","Dizzy_Skylines","3240","https://pbs.twimg.com/profile_images/1390404358/spencerreid.png"
"93","52.6139686","0.8864021","Casey_Douglass","3209","https://pbs.twimg.com/profile_images/536117771881287680/WZqd3YqE.jpeg"
"94","45.49014500000001","-79.462266","Joeality","3208","https://pbs.twimg.com/profile_images/807870499896393728/uLjo8KX3.jpg"
"95","52.1872472","0.9707800999999999","Lamm1","3213","https://pbs.twimg.com/profile_images/590616101760937987/UsT2cqFx.jpg"
"96","18.109581","-77.297508","asiachung_","3080","https://pbs.twimg.com/profile_images/766892030660272128/nRHajH2z.jpg"
"97","37.09024","-95.712891","techfreak15","3226","https://pbs.twimg.com/profile_images/736699841720537088/HsAiC2uh.jpg"
"98","-25.274398","133.775136","cutting_4_l0ve","2922","https://pbs.twimg.com/profile_images/513202159668576258/YufDOAXH.jpeg"
"99","51.5073509","-0.1277583","diorbones","2956","https://pbs.twimg.com/profile_images/3456713681/9f39ca9dc186cf360f3d72b24c1116d4.jpeg"
"100","55.378051","-3.435973","DrowningInBPD","3148","https://pbs.twimg.com/profile_images/714678095362592772/doLLw127.jpg"
"101","37.09024","-95.712891","Terilyn_M","2844","https://pbs.twimg.com/profile_images/462991818724892672/M9kLjuRl.jpeg"
"102","56.26392","9.501785","MHolchH","2880","https://pbs.twimg.com/profile_images/378800000414007043/6116806913f5befd5d86329a65a277d9.jpeg"
"103","-20.9175738","142.7027956","RunningTheDog","3222","https://pbs.twimg.com/profile_images/649345547648696320/Ar_HoF0J.jpg"
"104","32.068424","34.824785","geneticcounseIL","3228","https://pbs.twimg.com/profile_images/493415624752656388/ZKYrh3rO.png"
"105","51.919438","19.145136","bemycuddlebuddy","2935","https://pbs.twimg.com/profile_images/589355680588505088/APUGgHe2.jpg"
"106","52.586973","-2.12882","nickfl7000","3119","https://pbs.twimg.com/profile_images/480465639753388035/Z5WKcEf8.jpeg"
"107","-14.235004","-51.92528","UmaAnaMia","3176","https://pbs.twimg.com/profile_images/635507658984919040/fiULbN85.jpg"
"108","44.6652059","-63.5677427","DebiNoye","3206","https://pbs.twimg.com/profile_images/777450479311790080/vAK2GFlC.jpg"
"109","30.267153","-97.7430608","KelseyNic","3229","https://pbs.twimg.com/profile_images/818750218/22638_266108787407_694817407_3527186_6610801_n.jpg"
"110","43.653226","-79.3831843","MCho31","3037","https://pbs.twimg.com/profile_images/1436523906/Cropped_High_Glove_Save.png"
"111","4.210484","101.975766","worthlessxme_","3194","https://pbs.twimg.com/profile_images/707193442196041728/YaWFtGrf.jpg"
"112","40.789142","-73.13496099999999","MrSocialPhobia","3187","https://pbs.twimg.com/profile_images/800453115963174913/6KVUYW0Z.jpg"
"113","51.454513","-2.58791","SarahtheRedrup","3179","https://pbs.twimg.com/profile_images/846746342579941376/vjsntEvJ.jpg"
"114","51.165691","10.451526","5secsofirwxn","3115","https://pbs.twimg.com/profile_images/522819174583001089/eCtR-Xf4.jpeg"
"115","60.12816100000001","18.643501","KarinTegeman","3198","https://pbs.twimg.com/profile_images/843840169010761728/7kYKgtsd.jpg"
"116","51.5073509","-0.1277583","Your_Bones","2890","https://pbs.twimg.com/profile_images/3077263702/bb5cc14d752d91313746e44fa38bf433.jpeg"
"117","41.8781136","-87.6297982","From_Fat_2_Fit","3182","https://pbs.twimg.com/profile_images/719004647697096704/09MOs4Nj.jpg"
"118","53.48752349999999","-2.2901264","BipolarTweets","3222","https://pbs.twimg.com/profile_images/430001521817030656/pnSKSq02.jpeg"
"119","29.7604267","-95.3698028","fukdgilinsky","3068","https://pbs.twimg.com/profile_images/627688295820951553/NknIZ2eP.jpg"
"120","40.3510742","-74.65580840000001","CarolKivler","3244","https://pbs.twimg.com/profile_images/3206694605/984599cbf63848a44fd9c9942f6b3247.jpeg"
"121","37.09024","-95.712891","CimmerianInk","3229","https://pbs.twimg.com/profile_images/500793364548042752/FvW1oPJf.jpeg"
"122","51.5073509","-0.1277583","Mindfulmind","3198","https://pbs.twimg.com/profile_images/831853611391000577/o2nHqsA8.jpg"
"123","37.9642529","-91.8318334","pattybluebird","3193","https://pbs.twimg.com/profile_images/689236751806676992/6Xyy9JY8.jpg"
"124","33.9172357","-118.0120086","bterril17","3154","https://pbs.twimg.com/profile_images/484440088214917121/1VD0xvRB.jpeg"
"125","42.7294758","-82.8013107","Wersackas32","3123","https://pbs.twimg.com/profile_images/847620241257488390/pKynPA9r.jpg"
"126","38.5815719","-121.4943996","just_chels","3212","https://pbs.twimg.com/profile_images/631282282402201600/SOWwOMxp.jpg"
"127","46.23824","-63.13107040000001","_Believe_In_Me","3136","https://pbs.twimg.com/profile_images/2477007565/sz2nY03u"
"128","37.5407246","-77.4360481","aprilmaywilson","3153","https://pbs.twimg.com/profile_images/819622297896108032/PxT2Nyxx.jpg"
"129","56.130366","-106.346771","WeightlessAsAir","3043","https://pbs.twimg.com/profile_images/719678171692425217/W4dFHJVQ.jpg"
"130","53.4083714","-2.9915726","hannahev19","3245","https://pbs.twimg.com/profile_images/544920463449673728/02HXSmsq.jpeg"
"131","20.6596988","-103.3496092","_melpauli","3128","https://pbs.twimg.com/profile_images/599072556272914432/2RQa6jkz.jpg"
"132","41.879262","-87.63117679999999","hopeLDRinChrist","3082","https://pbs.twimg.com/profile_images/378800000844867523/f0a5e62237919c46fe309824e48540d7.jpeg"
"133","41.8781136","-87.6297982","bleepingED","3218","https://pbs.twimg.com/profile_images/3073448938/651aa13bd39209e78011433e7a9e3218.jpeg"
"134","52.205337","0.121817","mummy_madness75","3237","https://pbs.twimg.com/profile_images/775385737927749632/UIvSnN5a.jpg"
"135","51.7522372","-1.2599914","nancy2412","3196","https://pbs.twimg.com/profile_images/3245721265/1087fed017315ed4c71356cafc350fbc.jpeg"
"136","28.5383355","-81.3792365","the_little_b","3031","https://pbs.twimg.com/profile_images/638388858145517569/MlG4OGUp.jpg"
"137","37.9838096","23.7275388","RonanPismylife","3100","https://pbs.twimg.com/profile_images/607064214251945984/NW_EC3P9.jpg"
"138","37.09024","-95.712891","skinny__doll","3211","https://pbs.twimg.com/profile_images/844426081100857344/F6XYnyup.jpg"
"139","49.2827291","-123.1207375","sarahjickling","3214","https://pbs.twimg.com/profile_images/552999989295583232/6_DmfHJA.jpeg"
"140","40.53077760000001","-112.29828","KeithsWife35","3212","https://pbs.twimg.com/profile_images/3536767036/f8bc552aecb043c67cbb9a574584edcc.jpeg"
"141","57.149717","-2.094278","Taviamachara","3184","https://pbs.twimg.com/profile_images/604763011228815360/OKCimfGr.jpg"
"142","43.6187102","-116.2146068","LoveLeolani","3238","https://pbs.twimg.com/profile_images/790439164000948224/5LPIVHNz.jpg"
"143","40.5649781","-111.8389726","ApprehensivAndy","3202","https://pbs.twimg.com/profile_images/585127036319993856/qukbzeXu.jpg"
"144","56.130366","-106.346771","shesanon","3057","https://pbs.twimg.com/profile_images/566792682606174208/OoIw3NjT.jpeg"
"145","52.41530299999999","-4.08292","ashlxvato","3220","https://pbs.twimg.com/profile_images/847233780532125696/YtxEa4Us.jpg"
"146","-26.2041028","28.0473051","Sud0_Sandwich","3188","https://pbs.twimg.com/profile_images/662323807600922624/mu9Y0y9X.jpg"
"147","43.7059984","-79.7293201","KrystynaM","3247","https://pbs.twimg.com/profile_images/67498432/mesmall.jpg"
"148","43.7315479","-79.7624177","lianascott","3204","https://pbs.twimg.com/profile_images/706280694067163136/ZXUbver0.jpg"
"149","39.7392358","-104.990251","JessStohlmann","3238","https://pbs.twimg.com/profile_images/778062461387706369/MPlyyMuE.jpg"
"150","27.6648274","-81.5157535","ReachedDeath","2691","https://pbs.twimg.com/profile_images/378800000053798543/0ba7e442cd94f73923b2403c755cde9f.jpeg"
"151","41.8781136","-87.6297982","YouurMotivation","3208","https://pbs.twimg.com/profile_images/509711589616799746/6bq5ZKvN.jpeg"
"152","52.3555177","-1.1743197","AmylambStyles","3212","https://pbs.twimg.com/profile_images/509008593459232769/EF_xSZcy.jpeg"
"153","51.5073509","-0.1277583","nicolaeliasuk","3110","https://pbs.twimg.com/profile_images/794224667242401792/xuCyyWhm.jpg"
"154","31.9685988","-99.9018131","auntbsmith","3233","https://pbs.twimg.com/profile_images/805998352005480448/8RC8xKnj.jpg"
"155","41.9564953","-78.649163","BigRoj9","3196","https://pbs.twimg.com/profile_images/738429181780983808/m1iHgoww.jpg"
"156","42.733883","25.48583","katheat00","2963","https://pbs.twimg.com/profile_images/3660133237/191e7b0faa242e1e5f11c5b54dd2309c.jpeg"
"157","40.7127837","-74.0059413","ArumWanderlust","3018","https://pbs.twimg.com/profile_images/725430474491965441/nVsgGbGV.jpg"
"158","51.994206","-8.7285446","os_saoirse","3211","https://pbs.twimg.com/profile_images/793854690249302024/ItC_nVuZ.jpg"
"159","42.263079","-88.00396529999999","ssbg1313","3180","https://pbs.twimg.com/profile_images/683828357612449796/N8jUfvK2.jpg"
"160","53.5672709","-3.0520289","BJEadvertise","2411","https://pbs.twimg.com/profile_images/485884835647332353/Sy31-d_L.jpeg"
"161","-33.0291582","27.8545867","fbcounselling","3205","https://pbs.twimg.com/profile_images/463071627865911296/7Z351mLw.jpeg"
"162","51.5073509","-0.1277583","liveonandrockon","3152","https://pbs.twimg.com/profile_images/514877569184059392/g4vdqx8P.jpeg"
"163","-25.274398","133.775136","Kaydonohue1","3145","https://pbs.twimg.com/profile_images/836132854224449536/-qXujkF4.jpg"
"164","31.9453666","35.9283716","katrina_sammour","3135","https://pbs.twimg.com/profile_images/848802829263405056/pFhE55vK.jpg"
"165","56.130366","-106.346771","iaintokay","3186","https://pbs.twimg.com/profile_images/792944786399526912/q3iMVZiM.jpg"
"166","52.95478319999999","-1.1581086","laura_m888","3129","https://pbs.twimg.com/profile_images/846483947873865728/Mf-SRrHW.jpg"
"167","32.715738","-117.1610838","mkxela","2717","https://pbs.twimg.com/profile_images/731343684675854336/WpsQdsO6.jpg"
"168","45.33772829999999","-93.56911219999999","camokenzie","3059","https://pbs.twimg.com/profile_images/771972678659903488/6gFzjIOR.jpg"
"169","51.5073509","-0.1277583","PennySnowball","3237","https://pbs.twimg.com/profile_images/3727784195/bc9baa44b9372ceee0b99aebb339c761.jpeg"
"170","56.130366","-106.346771","CanadasPancake","2792","https://pbs.twimg.com/profile_images/3226751760/0e8b711b15cdb5ccc2b0c6de0b4223d2.jpeg"
"171","47.7510741","-120.7401386","myers_samara","3201","https://pbs.twimg.com/profile_images/783111890285113344/rtOh2LaU.jpg"
"172","43.467517","-79.6876659","OakvilleFamily","3209","https://pbs.twimg.com/profile_images/1794765073/OFI_logo_tree.jpg"
"173","51.3614279","-0.193961","PBd3","3148","https://pbs.twimg.com/profile_images/682188986610270208/x8jBCzEq.jpg"
"174","39.9525839","-75.1652215","sexyman888","3123","https://pbs.twimg.com/profile_images/803458065458692096/CcFyE7YZ.jpg"
"175","37.09024","-95.712891","ThinspoDiary","3040","https://pbs.twimg.com/profile_images/722833514958299136/MfBY6E_k.jpg"
"176","44.64876350000001","-63.5752387","Davery11","3191","https://pbs.twimg.com/profile_images/651561378038325248/LfJRY_qo.jpg"
"177","55.378051","-3.435973","0bes0ph0bia","3122","https://pbs.twimg.com/profile_images/818192271728398337/G_BaNBW6.jpg"
"178","39.011902","-98.4842465","MommyMuddling","3174","https://pbs.twimg.com/profile_images/733774402274263041/Ckgfxh85.jpg"
"179","40.7127837","-74.0059413","foreveryhang05","3172","https://pbs.twimg.com/profile_images/838065174728724480/aOlttB71.jpg"
"180","52.48624299999999","-1.890401","Marcusdc77","3085","https://pbs.twimg.com/profile_images/532889247888715776/SoDAeeld.jpeg"
"181","45.5230622","-122.6764816","dondepresso","3272","https://pbs.twimg.com/profile_images/378800000457288920/29aa9a2d01366a90921bd382d531935d.jpeg"
"182","60.12816100000001","18.643501","_depressed_ana_","2740","https://pbs.twimg.com/profile_images/499323921456721920/5qVY7h_9.jpeg"
"183","40.4519971","-80.0290823","PTSDBattleCry","3205","https://pbs.twimg.com/profile_images/601391200546004992/JUdjmaMN.jpg"
"184","27.6648274","-81.5157535","claiireferrarii","3079","https://pbs.twimg.com/profile_images/847044163887644672/GnUYzAQ0.jpg"
"185","49.9928617","8.2472526","_outta_heaven","3145","https://pbs.twimg.com/profile_images/563852002741211137/7j724lgP.jpeg"
"186","43.0481221","-76.14742439999999","Brittanie0214","2831","https://pbs.twimg.com/profile_images/673539940991520769/t4cINi0o.jpg"
"187","36.1699412","-115.1398296","VEGASdaze","3215","https://pbs.twimg.com/profile_images/257432025/the_rock.JPG"
"188","37.09024","-95.712891","ioverthink247","2942","https://pbs.twimg.com/profile_images/413039771422699520/dqslO79B.jpeg"
"189","42.3086444","-83.48211599999999","KristyLeeBurky1","3178","https://pbs.twimg.com/profile_images/760278287096619008/B6UVor_D.jpg"
"190","37.09024","-95.712891","InvsblePrincess","3059","https://pbs.twimg.com/profile_images/828824688935784449/c7cVlsBe.jpg"
"191","53.4807593","-2.2426305","rascallycur","3059","https://pbs.twimg.com/profile_images/791493963358273536/1UmenV_k.jpg"
"192","40.7127837","-74.0059413","SorryImCici","2882","https://pbs.twimg.com/profile_images/830478761351077888/jFNo6kgc.jpg"
"193","38.3459963","-0.4906855","youngwilddelrey","2795","https://pbs.twimg.com/profile_images/462983131029856256/4Pbkr6zD.jpeg"
"194","38.8481947","-104.7285609","buddhasnacks","3042","https://pbs.twimg.com/profile_images/476936381789257728/K_MCObJD.jpeg"
"195","38.891565","-121.2930079","NatalieKaitlin3","2988","https://pbs.twimg.com/profile_images/750082370699616262/sSubEuBq.jpg"
"196","47.7510741","-120.7401386","DeadGalWalkin","2096","https://pbs.twimg.com/profile_images/445308132562964480/f4jMUFdP.jpeg"
"197","51.31475930000001","-0.5599501","selfharmkelly2","2889","https://pbs.twimg.com/profile_images/3596228512/17a2284be1e769e40330434598bb1d0d.jpeg"
"198","28.5383355","-81.3792365","joypaulinesmith","2965","https://pbs.twimg.com/profile_images/780942663507992578/ztbBM7sp.jpg"
"199","50.118798","-5.537592","tulissio_sarah","2830","https://pbs.twimg.com/profile_images/545355743084687360/YurIcg9r.jpeg"
"200","43.7315479","-79.7624177","apoxuponme","2910","https://pbs.twimg.com/profile_images/648063121689546752/5RCD6bss.jpg"
"201","55.378051","-3.435973","DepressedFuckk","2913","https://pbs.twimg.com/profile_images/836011637735895044/absNlwFs.jpg"
"202","38.8338816","-104.8213634","ninwoman","2860","https://pbs.twimg.com/profile_images/847674781369483264/Khw2oavp.jpg"
"203","45.4215296","-75.69719309999999","DanyellAvery","2794","https://pbs.twimg.com/profile_images/378800000111802763/791aedf17ff8a6bbc8a574c5369814cf.jpeg"
"204","33.6890603","-78.8866943","thegothcow","2804","https://pbs.twimg.com/profile_images/708893205052440576/oo4Jlq6u.jpg"
"205","40.7127837","-74.0059413","suicidalfreak_3","2809","https://pbs.twimg.com/profile_images/689185849708277761/K8MtgKTQ.jpg"
"206","53.1423672","-7.692053599999999","mor_rigan","2794","https://pbs.twimg.com/profile_images/1242403836/Brocquy_T_in_The_Morr_gan.jpg"
"207","47.589827","7.588977799999999","Dark_Fairy3","2551","https://pbs.twimg.com/profile_images/667581742358896640/n9AJ0vX6.jpg"
"208","-31.9505269","115.8604572","Sara_C_writer","2742","https://pbs.twimg.com/profile_images/561122046738825216/OqvRGuPK.jpeg"
"209","1.352083","103.819836","avalon","3229","https://pbs.twimg.com/profile_images/840918028678180864/2YxNBK9w.jpg"
"210","51.5073509","-0.1277583","chris_lala","3218","https://pbs.twimg.com/profile_images/837033790052708352/7w_Jv25d.jpg"
"211","51.5073509","-0.1277583","superultrabiebs","3176","https://pbs.twimg.com/profile_images/831283236403830784/wKmw8U0p.jpg"
"212","52.95478319999999","-1.1581086","HorzaEdeo","6349","https://pbs.twimg.com/profile_images/733239281909698560/qJmPaTAQ.jpg"
"213","9.081999","8.675277","jiddahf08","3209","https://pbs.twimg.com/profile_images/842436892532592641/ed8sUjze.jpg"
"214","34.0522342","-118.2436849","lana_bieber","3168","https://pbs.twimg.com/profile_images/832125360405835776/dxDdxWW8.jpg"
"215","-25.7478676","28.2292712","karabzy","3217","https://pbs.twimg.com/profile_images/690265827308867584/2WDSxK76.jpg"
"216","25.2048493","55.2707828","RhythmWithLove","3011","https://pbs.twimg.com/profile_images/844813941926637569/HoEsZu2f.jpg"
"217","10.6379918","-61.39690530000001","Kiko_B7S","3229","https://pbs.twimg.com/profile_images/834862072903016448/dHQ8QIwo.jpg"
"218","22.572646","88.36389500000001","saraf_silky","3230","https://pbs.twimg.com/profile_images/846736291257499649/dCvrB5OF.jpg"
"219","27.6648274","-81.5157535","silent_musings","3188","https://pbs.twimg.com/profile_images/1130459246/333.JPG"
"220","34.0522342","-118.2436849","katieschwartz","4389","https://pbs.twimg.com/profile_images/840400412683321344/iCsuWMpZ.jpg"
"221","-25.274398","133.775136","blueashalsey","2962","https://pbs.twimg.com/profile_images/693224157174083584/HmarqL7K.jpg"
"222","43.7101728","7.261953200000001","CessileRomanoff","3157","https://pbs.twimg.com/profile_images/829834690106388482/2TVGx1KT.jpg"
"223","34.0626561","-118.3620133","bxberspurpose","2072","https://pbs.twimg.com/profile_images/847125907982684162/JY9FgzJi.jpg"
"224","47.7510741","-120.7401386","crinn0","3572","https://pbs.twimg.com/profile_images/814770963564793856/bIffqlue.jpg"
"225","26.820553","30.802498","bruiseviolxt","3181","https://pbs.twimg.com/profile_images/835112706961203204/igKQAJPv.jpg"
"226","42.7161042","-78.8291187","MariahHowe","3207","https://pbs.twimg.com/profile_images/849254507561324546/BHTUnBE1.jpg"
"227","3.139003","101.686855","Natashaaaay","3215","https://pbs.twimg.com/profile_images/843469303169011712/PxPpM4Be.jpg"
"228","42.2808256","-83.7430378","_weexxii_","3131","https://pbs.twimg.com/profile_images/832296479641436160/N6Ya9LpV.jpg"
"229","51.48158100000001","-3.17909","elerielerieleri","3216","https://pbs.twimg.com/profile_images/843639617647722496/KTlszWLq.jpg"
"230","35.4475073","139.6423446","NathanSwizzle","3238","https://pbs.twimg.com/profile_images/853067642336190464/fyfBCwRv.jpg"
"231","30.0444196","31.2357116","DeadMan_Walking","3101","https://pbs.twimg.com/profile_images/632572786788167680/pZNPLLXu.jpg"
"232","38.4851245","-78.625016","PatrickMartz_","3197","https://pbs.twimg.com/profile_images/802749680434237440/6O_wCmzZ.jpg"
"233","44.977753","-93.2650108","DamnTheBoyWho","3225","https://pbs.twimg.com/profile_images/550643610215931904/4uEPCfcy.jpeg"
"234","44.1598013","28.6348138","_biterphobia","3101","https://pbs.twimg.com/profile_images/3767074482/c5c8b5834e432c6a6148b23064352443.jpeg"
"235","28.5383355","-81.3792365","twirlandswirl","3238","https://pbs.twimg.com/profile_images/751984682313678848/kGWdEguY.jpg"
"236","42.4021112","-8.8145381","sailor_bel","3168","https://pbs.twimg.com/profile_images/801209296235143168/gYSKAnPd.jpg"
"237","29.7604267","-95.3698028","Damn_Worthless","3319","https://pbs.twimg.com/profile_images/485039196482990080/H9IRt__v.jpeg"
"238","48.856614","2.3522219","PaulineManson","3145","https://pbs.twimg.com/profile_images/822543195242426373/3_Rvnh64.jpg"
"239","34.101311","-118.3376997","stblissout","3216","https://pbs.twimg.com/profile_images/1622206833/ipod_pics_007_edited.jpg"
"240","51.550501","-0.3048409","likedisease","3186","https://pbs.twimg.com/profile_images/811994585249566724/l-AhY9r7.jpg"
"241","25.7616798","-80.1917902","123_depression","3222","https://pbs.twimg.com/profile_images/522994216197054465/dUOXy-YX.jpeg"
"242","55.378051","-3.435973","dontloseurgrip","3157","https://pbs.twimg.com/profile_images/3338173797/cd073fb5d8e0a2b26be6246a9f15aa3a.jpeg"
"243","14.1876712","121.1250825","KrisKrispKrunch","3193","https://pbs.twimg.com/profile_images/850365295424266242/-PFpXI6c.jpg"
"244","51.5073509","-0.1277583","Ginjarella","3196","https://pbs.twimg.com/profile_images/812632420554014720/oKwwZ8U_.jpg"
"245","55.378051","-3.435973","cestclaudia","557","https://pbs.twimg.com/profile_images/851180513700323328/R8eGWdOL.jpg"
"246","48.856614","2.3522219","_thetravel","3139","https://pbs.twimg.com/profile_images/830123358050193408/6TNmBjlg.jpg"
"247","33.7489954","-84.3879824","ilyuu","3235","https://pbs.twimg.com/profile_images/821601127556874242/8XsDOgDH.jpg"
"248","52.48624299999999","-1.890401","skarletzombie","3338","https://pbs.twimg.com/profile_images/850129966071197696/NHovdPad.jpg"
"249","55.378051","-3.435973","ShaniaErdman","3186","https://pbs.twimg.com/profile_images/852653163710742528/ukq39mpc.jpg"
"250","34.0522342","-118.2436849","imleeannee","3145","https://pbs.twimg.com/profile_images/779879973502849030/g-jkC02-.jpg"
"251","44.3148443","-85.60236429999999","Paxie_La_Fluff","3265","https://pbs.twimg.com/profile_images/852148911808684033/SbHhihoR.jpg"
"252","30.3321838","-81.65565099999999","kristenwagoner","3166","https://pbs.twimg.com/profile_images/849825681114640384/VhBJ7Png.jpg"
"253","53.544389","-113.4909267","Rikidus","3224","https://pbs.twimg.com/profile_images/754464964430016512/J38PMIzn.jpg"
"254","36.8507689","-76.28587259999999","HMrsJ","3294","https://pbs.twimg.com/profile_images/850693345567494144/V7CHOuam.jpg"
"255","33.7489954","-84.3879824","bricestrozier_","3188","https://pbs.twimg.com/profile_images/846750658153889792/MNcGXm99.jpg"
"256","40.44062479999999","-79.9958864","caps4L","3244","https://pbs.twimg.com/profile_images/835015525923180544/k2cpxbbI.jpg"
"257","23.634501","-102.552784","junglecameron","3209","https://pbs.twimg.com/profile_images/736663311937216512/9sMueI4u.jpg"
"258","40.789142","-73.13496099999999","PerseveringStar","3199","https://pbs.twimg.com/profile_images/845463212925603840/EshvMarc.jpg"
"259","27.950575","-82.4571776","_colleen30_","3185","https://pbs.twimg.com/profile_images/844042334597734402/zm_8bPe5.jpg"
"260","32.1656221","-82.9000751","jasminealexus","3198","https://pbs.twimg.com/profile_images/759455090830938112/cAAZxxvp.jpg"
"261","36.1626638","-86.7816016","SwaggerGingerr","3105","https://pbs.twimg.com/profile_images/844385599998038019/T9TpiJPj.jpg"
"262","48.51260449999999","-122.6126718","yung_sleepyhead","3106","https://pbs.twimg.com/profile_images/840461192711745541/w46dddVH.jpg"
"263","51.165691","10.451526","KinkyKAS13","3220","https://pbs.twimg.com/profile_images/842401539834667009/0O4zqBZ6.jpg"
"264","41.87194","12.56738","BALL93s","3194","https://pbs.twimg.com/profile_images/729293225526231040/RlKpgbhr.jpg"
"265","32.2217429","-110.926479","uncleblaezr","3187","https://pbs.twimg.com/profile_images/850652529469739008/QlMF5b-A.jpg"
"266","51.253775","-85.3232139","5sosommer","3136","https://pbs.twimg.com/profile_images/839320865602998272/XideyaGv.jpg"
"267","53.588646","-0.654413","Timmy1996Demi","3206","https://pbs.twimg.com/profile_images/845777167715852289/AY3k_vfn.jpg"
"268","-0.789275","113.921327","Icryoverships","3182","https://pbs.twimg.com/profile_images/830706708099977217/nd26zZcd.jpg"
"269","51.5351832","-0.4481378","mattstreuli","3197","https://pbs.twimg.com/profile_images/830210945473531906/Uigw-pZL.jpg"
"270","39.074208","21.824312","fellforcamx","3074","https://pbs.twimg.com/profile_images/679388770601422848/vSTdJ9L_.jpg"
"271","37.566535","126.9779692","keeleylulu","3200","https://pbs.twimg.com/profile_images/848871500178366465/WcYlZwao.jpg"
"272","29.95106579999999","-90.0715323","amethystnoir","3212","https://pbs.twimg.com/profile_images/756339227122544640/4etoxHNu.jpg"
"273","14.8527393","120.8160376","nixxvivar","3171","https://pbs.twimg.com/profile_images/825552975607140352/5FfwcyzD.jpg"
"274","51.5073509","-0.1277583","mbiebsbae","3085","https://pbs.twimg.com/profile_images/837318193999937537/R5K40nlo.jpg"
"275","51.259521","-0.15567","HomeInMerstham","3207","https://pbs.twimg.com/profile_images/842165106029039616/mKH2Jlu4.jpg"
"276","55.378051","-3.435973","bipolarvoice","3194","https://pbs.twimg.com/profile_images/3534818643/e7d2c742ff9fb867335d56dcba27086c.jpeg"
"277","29.305785","-95.2648694","cheekb0ne","3125","https://pbs.twimg.com/profile_images/626556363846610944/VRUXyoLM.jpg"
"278","53.193392","-2.893075","genocidecity","3193","https://pbs.twimg.com/profile_images/834836318882496515/tm03lbb5.jpg"
"279","50.4501","30.5234","jetblackglow","3161","https://pbs.twimg.com/profile_images/725443551052574720/hf1x0rTs.jpg"
"280","39.7392358","-104.990251","TwistedPlight","3206","https://pbs.twimg.com/profile_images/841522494674620417/XNJLZTrv.jpg"
"281","44.559962","-90.5962498","Jenny_that_girl","3226","https://pbs.twimg.com/profile_images/823322955790827527/6aJcqPy3.jpg"
"282","-33.8688197","151.2092955","gagaundery0u","3132","https://pbs.twimg.com/profile_images/839135594634592257/bd2zK6Ua.jpg"
"283","58.41080700000001","15.6213727","LonelyLintu","3203","https://pbs.twimg.com/profile_images/657513135914524672/gHhTPRBe.jpg"
"284","-33.8688197","151.2092955","OMFGAGS","3218","https://pbs.twimg.com/profile_images/840785103433293824/pCX41q7K.jpg"
"285","45.3699203","10.0278415","xniallsxlaugh","3170","https://pbs.twimg.com/profile_images/838511521584009217/2i4H4tJ5.jpg"
"286","53.1423672","-7.692053599999999","mukesunicorns","3121","https://pbs.twimg.com/profile_images/647470444434583552/hKlZ0C9L.jpg"
"287","61.92410999999999","25.748151","nnneanea","3205","https://pbs.twimg.com/profile_images/839242623151915008/bWvE4f4k.jpg"
"288","37.09024","-95.712891","todayiamhealing","3201","https://pbs.twimg.com/profile_images/1155896121/cg_bw_8x12_7052.jpg"
"289","1.352083","103.819836","dino_claire","885","https://pbs.twimg.com/profile_images/776612988354568192/PI-e5sIS.jpg"
"290","52.3555177","-1.1743197","YasserElaasar","3143","https://pbs.twimg.com/profile_images/840903185241919489/OJpfAYWT.jpg"
"291","37.5407246","-77.4360481","evonisagiant","3186","https://pbs.twimg.com/profile_images/834654176571441152/KGQvei21.jpg"
"292","37.09024","-95.712891","DaniBVB18","3181","https://pbs.twimg.com/profile_images/663807431252701184/B3oTnYiS.png"
"293","46.8796822","-110.3625658","MtManimal","3218","https://pbs.twimg.com/profile_images/837434917587845120/ci6OmqMp.jpg"
"294","51.5073509","-0.1277583","0504MN_","3128","https://pbs.twimg.com/profile_images/842167933317062656/OE1aGE-5.jpg"
"295","6.42375","-66.58973","moonpoower","2998","https://pbs.twimg.com/profile_images/654697784214327297/1thEqMni.jpg"
"296","47.950355","-124.3854867","xAlicex_cullenx","3200","https://pbs.twimg.com/profile_images/1449354984/Ashley-greene.jpg"
"297","36.8529263","-75.97798499999999","zurisupreme","3206","https://pbs.twimg.com/profile_images/751719146421911552/i0_0eSe7.jpg"
"298","55.12740849999999","-1.5091398","indulgethemind","3165","https://pbs.twimg.com/profile_images/779603278720016384/813avf4x.jpg"
"299","51.5947219","-2.979873","dieselkeds","3200","https://pbs.twimg.com/profile_images/806635028964851713/Xdfun7Bc.jpg"
"300","52.95478319999999","-1.1581086","EzzaPrezza","3145","https://pbs.twimg.com/profile_images/813437503558549505/GIf7xhTH.jpg"
"301","61.92410999999999","25.748151","munatati","3187","https://pbs.twimg.com/profile_images/834028436645609478/wLIjUXLA.jpg"
"302","14.5995124","120.9842195","carlopgonzales","3237","https://pbs.twimg.com/profile_images/812260076039716864/rfEoZg6_.jpg"
"303","41.76371109999999","-72.6850932","AnaL_xDepressed","3186","https://pbs.twimg.com/profile_images/819950305911652352/E1CCpfXf.jpg"
"304","51.454513","-2.58791","RyanInertia_","3141","https://pbs.twimg.com/profile_images/822628682254663681/aeLu01-1.jpg"
"305","50.503887","4.469936","mylifesaverr","2930","https://pbs.twimg.com/profile_images/821836432696344576/yCq02jKT.jpg"
"306","14.6760413","121.0437003","ktberce","3203","https://pbs.twimg.com/profile_images/737274602322173952/JMB5kgIV.jpg"
"307","60.12816100000001","18.643501","Emmz5SOS","3216","https://pbs.twimg.com/profile_images/839887685342855169/Gvf2sLUa.jpg"
"308","42.4792618","-71.1522765","falloutdudes","3193","https://pbs.twimg.com/profile_images/841684576393125888/Z8ernT8d.jpg"
"309","37.9642529","-91.8318334","helplessnarry","3135","https://pbs.twimg.com/profile_images/734950291963969536/lrj70qD9.jpg"
"310","53.55418239999999","-1.4828209","_wednesdaychild","3108","https://pbs.twimg.com/profile_images/852916504928681984/8doVjCpP.jpg"
"311","-37.8136276","144.9630576","_heartachelucas","3052","https://pbs.twimg.com/profile_images/681868470573633537/VacCVaJe.jpg"
"312","43.653226","-79.3831843","drewismydonut","2765","https://pbs.twimg.com/profile_images/842849109425971200/MDMHg_iQ.jpg"
"313","-34.9284989","138.6007456","ausssniallfans","3116","https://pbs.twimg.com/profile_images/3314640495/9c75af61cf947bee469a92d3c00c2dad.jpeg"
"314","53.72702","-1.85754","ailsa_haswell","3123","https://pbs.twimg.com/profile_images/848254414871777280/Fhurt0WK.jpg"
"315","33.5778631","-101.8551665","_GnarlyNarwhal","3197","https://pbs.twimg.com/profile_images/750112542018580480/ZJ3Jbd52.jpg"
"316","14.5995124","120.9842195","nialllsglasses","3193","https://pbs.twimg.com/profile_images/825361166918561794/XTfNxkYI.jpg"
"317","52.132633","5.291265999999999","weyheyhood_","3216","https://pbs.twimg.com/profile_images/727120806979985408/xoGY57BB.jpg"
"318","41.2411897","-77.00107860000001","summerberetsky","3238","https://pbs.twimg.com/profile_images/2654227756/32f17c8e3d292156efe0add812f1b382.jpeg"
"319","52.48624299999999","-1.890401","CloseRyan","3180","https://pbs.twimg.com/profile_images/568628641442312192/IupdvHzX.jpeg"
"320","24.8614622","67.0099388","MusalmaanHun","3019","https://pbs.twimg.com/profile_images/841030356316889089/Wb5tdKam.jpg"
"321","40.7668393","-73.98356369999999","mememway","3182","https://pbs.twimg.com/profile_images/829688085009035264/-9_UuPs0.jpg"
"322","14.5995124","120.9842195","severusIy","3267","https://pbs.twimg.com/profile_images/849603510651854851/BYE9VigY.jpg"
"323","56.130366","-106.346771","pulchra_sanitas","3172","https://pbs.twimg.com/profile_images/1154724753/16313011-crediticonzicons.jpg"
"324","30.0444196","31.2357116","Sara_elhadidy","3185","https://pbs.twimg.com/profile_images/540978548421300224/_si3vGxV.jpeg"
"325","50.719164","-1.880769","LivIsDrowning","3201","https://pbs.twimg.com/profile_images/848975977006993408/Ne0NzWx6.jpg"
"326","43.699372","-72.317128","DrS_Reynolds","3223","https://pbs.twimg.com/profile_images/730736718320537600/T7BOfNYX.jpg"
"327","55.864237","-4.251806","JodieRamsay","3092","https://pbs.twimg.com/profile_images/803305598167171072/Bz4m5XuH.jpg"
"328","39.9525839","-75.1652215","saarbearx0","3158","https://pbs.twimg.com/profile_images/849757007452229633/nBNsq6HE.jpg"
"329","40.7127837","-74.0059413","theLunarWolf","3213","https://pbs.twimg.com/profile_images/775047646365028356/lFriPeQS.jpg"
"330","28.033886","1.659626","MahomieNari","3122","https://pbs.twimg.com/profile_images/819680129202921473/lW85H0rM.jpg"
"331","14.5995124","120.9842195","905Zerah","2951","https://pbs.twimg.com/profile_images/707621082350522368/ejeScje8.jpg"
"332","56.130366","-106.346771","EmmaTaylor1233","3216","https://pbs.twimg.com/profile_images/457193001161195521/AOMf4Pn8.jpeg"
"333","-28.3519912","153.2525479","EmilyyytheTreee","3193","https://pbs.twimg.com/profile_images/835814685265944576/aLUO7I-Q.jpg"
"334","43.8041334","-120.5542012","jennybosco","3200","https://pbs.twimg.com/profile_images/714092022/1115376_portrait.jpg"
"335","54.691745","-1.212926","hatakedragon","3204","https://pbs.twimg.com/profile_images/759398513348341760/X96rBvwg.jpg"
"336","39.3447253","-74.57448579999999","_weird_is_cool_","3212","https://pbs.twimg.com/profile_images/785131935345565697/s5DIUPFj.jpg"
"337","40.557628","-74.137472","extremeomaha","3091","https://pbs.twimg.com/profile_images/641778567270023169/YhzPdhZt.jpg"
"338","-37.8136276","144.9630576","perksofamermaid","3166","https://pbs.twimg.com/profile_images/829311552654303238/gwRUTfSs.jpg"
"339","42.5987263","-5.5670959","San_HighHopes","3178","https://pbs.twimg.com/profile_images/801525558656045056/6iT7JEwD.jpg"
"340","45.4654219","9.1859243","fifthjune2013","3204","https://pbs.twimg.com/profile_images/824320391803977728/K3ya3IMV.jpg"
"341","-31.9505269","115.8604572","Rachie","3027","https://pbs.twimg.com/profile_images/772718026181316608/UYm1Ort6.jpg"
"342","33.6948279","-97.52252449999999","AshtonxBrooke","3108","https://pbs.twimg.com/profile_images/795292528333520896/3LAeNzpY.jpg"
"343","44.3148443","-85.60236429999999","nagelmania","3191","https://pbs.twimg.com/profile_images/430667696024203264/gtB5H-G0.jpeg"
"344","50.8197675","-1.0879769","jessiewbu","3212","https://pbs.twimg.com/profile_images/852158701138055172/zgPWVFR8.jpg"
"345","55.378051","-3.435973","kidnothin","3069","https://pbs.twimg.com/profile_images/839056333236277248/5VkKbbW8.jpg"
"346","43.653226","-79.3831843","juddrnaut","3145","https://pbs.twimg.com/profile_images/744352481216339968/NipCGTUa.jpg"
"347","51.5073509","-0.1277583","Bordering_crazy","3246","https://pbs.twimg.com/profile_images/447096491752968193/Iojj1zcJ.jpeg"
"348","41.1536674","-81.3578859","Cody_Andersn","3216","https://pbs.twimg.com/profile_images/846557914835963904/LtquaVPZ.jpg"
"349","34.4133292","-119.8609718","S_treezie","3186","https://pbs.twimg.com/profile_images/846073844989251584/JZgKztW-.jpg"
"350","34.1502539","-84.81751299999999","__gxbriella","3136","https://pbs.twimg.com/profile_images/825538459951648768/XaMZMM_H.jpg"
"351","41.58746439999999","-109.2029043","13Trekell","2998","https://pbs.twimg.com/profile_images/813995191795257344/5UJJgBGk.jpg"
"352","37.09024","-95.712891","F_ckDepression","3225","https://pbs.twimg.com/profile_images/1387173843/photo.JPG"
"353","47.6062095","-122.3320708","guitargirly13","3202","https://pbs.twimg.com/profile_images/759988832716541952/UlMtwv5E.jpg"
"354","51.165691","10.451526","calumisagod","2860","https://pbs.twimg.com/profile_images/605442040093097984/AD6sD0sD.jpg"
"355","53.38112899999999","-1.470085","SmilingSince_96","3190","https://pbs.twimg.com/profile_images/728696325563404294/ETauJBJs.jpg"
